col,n,mean,median,std,var,min,p10,p25,p50,p75,p90,p95,p99,max,iqr,skew,kurtosis
Holiday_Flag,6435,0.06993006993006994,0.0,0.25504894436982795,0.0650499640241636,0.0,0.0,0.0,0.0,0.0,0.0,1.0,1.0,1.0,0.0,3.373498671457849,9.383409556463414
Unemployment,6435,7.99915104895105,7.874,1.8758847818627977,3.518943714824436,3.879,6.061,6.891,7.874,8.622,9.863,12.187,14.18,14.313,1.7309999999999999,1.1881439334843265,2.6397117842342332
Weekly_Sales,6435,1046964.8775617715,960746.04,564366.6220536975,318509684088.30096,209986.25,384125.462,553350.105,960746.04,1420158.66,1887625.942,2049178.5119999996,2404035.3049999997,3818686.45,866808.5549999999,0.6683617974864524,0.053140927417219874
Temperature,6435,60.66378243978244,62.67,18.44493287581158,340.21554879319484,-2.06,34.56,47.46,62.67,74.94,83.992,87.663,93.19,100.14,27.479999999999997,-0.33676760110758,-0.6128009588453383
Fuel_Price,6435,3.358606837606838,3.445,0.4590197071928525,0.21069909159141206,2.472,2.72,2.933,3.445,3.735,3.916,4.029,4.203,4.468,0.802,-0.09615830011865549,-1.1773777964906609
CPI,6435,171.57839384878014,182.6165205,39.35671229566418,1548.950802723684,126.064,128.5121935,131.735,182.6165205,212.74329345,219.5340975,221.92672854,225.470150898,227.2328068,81.00829345,0.06349184988549496,-1.8398133421838168
Store,6435,23.0,23.0,12.988182381175474,168.69288156667702,1.0,5.0,12.0,23.0,34.0,41.0,43.0,45.0,45.0,22.0,0.0,-1.2011866346083273
